{
	"credit": "Made with Blockbench by xR4YM0ND",
	"texture_size": [32, 32],
	"textures": {
		"0": "chipped:block/ladder/crooked_plank_ladder",
		"particle": "chipped:block/ladder/crooked_plank_ladder"
	},
	"elements": [
		{
			"from": [1, 2, 15],
			"to": [7, 5, 16],
			"faces": {
				"north": {"uv": [7.5, 6.5, 10.5, 8], "texture": "#0"},
				"east": {"uv": [7, 6.5, 7.5, 8], "texture": "#0"},
				"south": {"uv": [11, 6.5, 14, 8], "texture": "#0"},
				"west": {"uv": [10.5, 6.5, 11, 8], "texture": "#0"},
				"up": {"uv": [10.5, 6.5, 7.5, 6], "texture": "#0"},
				"down": {"uv": [13.5, 6, 10.5, 6.5], "texture": "#0"}
			}
		},
		{
			"from": [7, 1, 15],
			"to": [15, 4, 16],
			"faces": {
				"north": {"uv": [0.5, 4.5, 4.5, 6], "texture": "#0"},
				"east": {"uv": [0, 4.5, 0.5, 6], "texture": "#0"},
				"south": {"uv": [5, 4.5, 9, 6], "texture": "#0"},
				"west": {"uv": [4.5, 4.5, 5, 6], "texture": "#0"},
				"up": {"uv": [4.5, 4.5, 0.5, 4], "texture": "#0"},
				"down": {"uv": [8.5, 4, 4.5, 4.5], "texture": "#0"}
			}
		},
		{
			"from": [1, 6, 15],
			"to": [15, 9, 16],
			"faces": {
				"north": {"uv": [0.5, 0.5, 7.5, 2], "texture": "#0"},
				"east": {"uv": [0, 0.5, 0.5, 2], "texture": "#0"},
				"south": {"uv": [8, 0.5, 15, 2], "texture": "#0"},
				"west": {"uv": [7.5, 0.5, 8, 2], "texture": "#0"},
				"up": {"uv": [7.5, 0.5, 0.5, 0], "texture": "#0"},
				"down": {"uv": [14.5, 0, 7.5, 0.5], "texture": "#0"}
			}
		},
		{
			"from": [1, 11, 15],
			"to": [9, 14, 16],
			"faces": {
				"north": {"uv": [0.5, 2.5, 4.5, 4], "texture": "#0"},
				"east": {"uv": [0, 2.5, 0.5, 4], "texture": "#0"},
				"south": {"uv": [5, 2.5, 9, 4], "texture": "#0"},
				"west": {"uv": [4.5, 2.5, 5, 4], "texture": "#0"},
				"up": {"uv": [4.5, 2.5, 0.5, 2], "texture": "#0"},
				"down": {"uv": [8.5, 2, 4.5, 2.5], "texture": "#0"}
			}
		},
		{
			"from": [9, 12, 15],
			"to": [15, 15, 16],
			"faces": {
				"north": {"uv": [0.5, 6.5, 3.5, 8], "texture": "#0"},
				"east": {"uv": [0, 6.5, 0.5, 8], "texture": "#0"},
				"south": {"uv": [4, 6.5, 7, 8], "texture": "#0"},
				"west": {"uv": [3.5, 6.5, 4, 8], "texture": "#0"},
				"up": {"uv": [3.5, 6.5, 0.5, 6], "texture": "#0"},
				"down": {"uv": [6.5, 6, 3.5, 6.5], "texture": "#0"}
			}
		}
	],
	"gui_light": "front",
	"display": {
		"thirdperson_righthand": {
			"rotation": [0, 180, 0],
			"translation": [0, 1.5, 4.5],
			"scale": [0.6, 0.6, 0.6]
		},
		"thirdperson_lefthand": {
			"rotation": [0, 180, 0],
			"translation": [0, 1.5, 4.5],
			"scale": [0.6, 0.6, 0.6]
		},
		"firstperson_righthand": {
			"rotation": [0, 90, -36],
			"translation": [3, 0.5, -6]
		},
		"firstperson_lefthand": {
			"rotation": [0, 90, -36],
			"translation": [3, 0.5, -6]
		},
		"ground": {
			"translation": [0, 2.25, -3.75],
			"scale": [0.5, 0.5, 0.5]
		},
		"gui": {
			"rotation": [0, 180, 0]
		},
		"head": {
			"rotation": [0, 180, 0],
			"translation": [0, 0, 14.5]
		},
		"fixed": {
			"translation": [0, 0, -8]
		}
	},
	"groups": [
		{
			"name": "step1",
			"origin": [8, 8, 8],
			"color": 0,
			"children": [0, 1]
		},
		{
			"name": "step2",
			"origin": [8, 8, 8],
			"color": 0,
			"children": [2]
		},
		{
			"name": "step 3",
			"origin": [8, 8, 8],
			"color": 0,
			"children": [3, 4]
		}
	]
}