{
	"credit": "Made with Blockbench by xR4YM0ND",
	"texture_size": [32, 32],
	"textures": {
		"0": "chipped:block/ladder/metal_ladder",
		"particle": "chipped:block/ladder/metal_ladder"
	},
	"elements": [
		{
			"from": [12, 0, 15],
			"to": [14, 16, 16],
			"faces": {
				"north": {"uv": [3.5, 6.5, 4.5, 14.5], "texture": "#0"},
				"east": {"uv": [3, 6.5, 3.5, 14.5], "texture": "#0"},
				"south": {"uv": [5, 6.5, 6, 14.5], "texture": "#0"},
				"west": {"uv": [4.5, 6.5, 5, 14.5], "texture": "#0"},
				"up": {"uv": [4.5, 6.5, 3.5, 6], "texture": "#0"},
				"down": {"uv": [5.5, 6, 4.5, 6.5], "texture": "#0"}
			}
		},
		{
			"from": [2, 0, 15],
			"to": [4, 16, 16],
			"faces": {
				"north": {"uv": [0.5, 6.5, 1.5, 14.5], "texture": "#0"},
				"east": {"uv": [0, 6.5, 0.5, 14.5], "texture": "#0"},
				"south": {"uv": [2, 6.5, 3, 14.5], "texture": "#0"},
				"west": {"uv": [1.5, 6.5, 2, 14.5], "texture": "#0"},
				"up": {"uv": [1.5, 6.5, 0.5, 6], "texture": "#0"},
				"down": {"uv": [2.5, 6, 1.5, 6.5], "texture": "#0"}
			}
		},
		{
			"from": [1, 1, 14],
			"to": [15, 3, 15],
			"faces": {
				"north": {"uv": [0.5, 5, 7.5, 6], "texture": "#0"},
				"east": {"uv": [0, 5, 0.5, 6], "texture": "#0"},
				"south": {"uv": [8, 5, 15, 6], "texture": "#0"},
				"west": {"uv": [7.5, 5, 8, 6], "texture": "#0"},
				"up": {"uv": [7.5, 5, 0.5, 4.5], "texture": "#0"},
				"down": {"uv": [14.5, 4.5, 7.5, 5], "texture": "#0"}
			}
		},
		{
			"from": [1, 5, 14],
			"to": [15, 7, 15],
			"faces": {
				"north": {"uv": [0.5, 3.5, 7.5, 4.5], "texture": "#0"},
				"east": {"uv": [0, 3.5, 0.5, 4.5], "texture": "#0"},
				"south": {"uv": [8, 3.5, 15, 4.5], "texture": "#0"},
				"west": {"uv": [7.5, 3.5, 8, 4.5], "texture": "#0"},
				"up": {"uv": [7.5, 3.5, 0.5, 3], "texture": "#0"},
				"down": {"uv": [14.5, 3, 7.5, 3.5], "texture": "#0"}
			}
		},
		{
			"from": [1, 9, 14],
			"to": [15, 11, 15],
			"faces": {
				"north": {"uv": [0.5, 2, 7.5, 3], "texture": "#0"},
				"east": {"uv": [0, 2, 0.5, 3], "texture": "#0"},
				"south": {"uv": [8, 2, 15, 3], "texture": "#0"},
				"west": {"uv": [7.5, 2, 8, 3], "texture": "#0"},
				"up": {"uv": [7.5, 2, 0.5, 1.5], "texture": "#0"},
				"down": {"uv": [14.5, 1.5, 7.5, 2], "texture": "#0"}
			}
		},
		{
			"from": [1, 13, 14],
			"to": [15, 15, 15],
			"faces": {
				"north": {"uv": [0.5, 0.5, 7.5, 1.5], "texture": "#0"},
				"east": {"uv": [0, 0.5, 0.5, 1.5], "texture": "#0"},
				"south": {"uv": [8, 0.5, 15, 1.5], "texture": "#0"},
				"west": {"uv": [7.5, 0.5, 8, 1.5], "texture": "#0"},
				"up": {"uv": [7.5, 0.5, 0.5, 0], "texture": "#0"},
				"down": {"uv": [14.5, 0, 7.5, 0.5], "texture": "#0"}
			}
		},
		{
			"from": [12.5, 5.5, 13.75],
			"to": [13.5, 6.5, 14.75],
			"faces": {
				"north": {"uv": [6.5, 6.5, 7, 7], "texture": "#0"},
				"east": {"uv": [6, 6.5, 6.5, 7], "texture": "#0"},
				"south": {"uv": [7.5, 6.5, 8, 7], "texture": "#0"},
				"west": {"uv": [7, 6.5, 7.5, 7], "texture": "#0"},
				"up": {"uv": [7, 6.5, 6.5, 6], "texture": "#0"},
				"down": {"uv": [7.5, 6, 7, 6.5], "texture": "#0"}
			}
		},
		{
			"from": [2.5, 1.5, 13.75],
			"to": [3.5, 2.5, 14.75],
			"faces": {
				"north": {"uv": [6.5, 6.5, 7, 7], "texture": "#0"},
				"east": {"uv": [6, 6.5, 6.5, 7], "texture": "#0"},
				"south": {"uv": [7.5, 6.5, 8, 7], "texture": "#0"},
				"west": {"uv": [7, 6.5, 7.5, 7], "texture": "#0"},
				"up": {"uv": [7, 6.5, 6.5, 6], "texture": "#0"},
				"down": {"uv": [7.5, 6, 7, 6.5], "texture": "#0"}
			}
		},
		{
			"from": [12.5, 1.5, 13.75],
			"to": [13.5, 2.5, 14.75],
			"faces": {
				"north": {"uv": [6.5, 6.5, 7, 7], "texture": "#0"},
				"east": {"uv": [6, 6.5, 6.5, 7], "texture": "#0"},
				"south": {"uv": [7.5, 6.5, 8, 7], "texture": "#0"},
				"west": {"uv": [7, 6.5, 7.5, 7], "texture": "#0"},
				"up": {"uv": [7, 6.5, 6.5, 6], "texture": "#0"},
				"down": {"uv": [7.5, 6, 7, 6.5], "texture": "#0"}
			}
		},
		{
			"from": [12.5, 13.5, 13.75],
			"to": [13.5, 14.5, 14.75],
			"faces": {
				"north": {"uv": [6.5, 6.5, 7, 7], "texture": "#0"},
				"east": {"uv": [6, 6.5, 6.5, 7], "texture": "#0"},
				"south": {"uv": [7.5, 6.5, 8, 7], "texture": "#0"},
				"west": {"uv": [7, 6.5, 7.5, 7], "texture": "#0"},
				"up": {"uv": [7, 6.5, 6.5, 6], "texture": "#0"},
				"down": {"uv": [7.5, 6, 7, 6.5], "texture": "#0"}
			}
		},
		{
			"from": [2.5, 13.5, 13.75],
			"to": [3.5, 14.5, 14.75],
			"faces": {
				"north": {"uv": [6.5, 6.5, 7, 7], "texture": "#0"},
				"east": {"uv": [6, 6.5, 6.5, 7], "texture": "#0"},
				"south": {"uv": [7.5, 6.5, 8, 7], "texture": "#0"},
				"west": {"uv": [7, 6.5, 7.5, 7], "texture": "#0"},
				"up": {"uv": [7, 6.5, 6.5, 6], "texture": "#0"},
				"down": {"uv": [7.5, 6, 7, 6.5], "texture": "#0"}
			}
		},
		{
			"from": [2.5, 9.5, 13.75],
			"to": [3.5, 10.5, 14.75],
			"faces": {
				"north": {"uv": [6.5, 6.5, 7, 7], "texture": "#0"},
				"east": {"uv": [6, 6.5, 6.5, 7], "texture": "#0"},
				"south": {"uv": [7.5, 6.5, 8, 7], "texture": "#0"},
				"west": {"uv": [7, 6.5, 7.5, 7], "texture": "#0"},
				"up": {"uv": [7, 6.5, 6.5, 6], "texture": "#0"},
				"down": {"uv": [7.5, 6, 7, 6.5], "texture": "#0"}
			}
		},
		{
			"from": [2.5, 5.5, 13.75],
			"to": [3.5, 6.5, 14.75],
			"faces": {
				"north": {"uv": [6.5, 6.5, 7, 7], "texture": "#0"},
				"east": {"uv": [6, 6.5, 6.5, 7], "texture": "#0"},
				"south": {"uv": [7.5, 6.5, 8, 7], "texture": "#0"},
				"west": {"uv": [7, 6.5, 7.5, 7], "texture": "#0"},
				"up": {"uv": [7, 6.5, 6.5, 6], "texture": "#0"},
				"down": {"uv": [7.5, 6, 7, 6.5], "texture": "#0"}
			}
		},
		{
			"from": [12.5, 9.5, 13.75],
			"to": [13.5, 10.5, 14.75],
			"faces": {
				"north": {"uv": [6.5, 6.5, 7, 7], "texture": "#0"},
				"east": {"uv": [6, 6.5, 6.5, 7], "texture": "#0"},
				"south": {"uv": [7.5, 6.5, 8, 7], "texture": "#0"},
				"west": {"uv": [7, 6.5, 7.5, 7], "texture": "#0"},
				"up": {"uv": [7, 6.5, 6.5, 6], "texture": "#0"},
				"down": {"uv": [7.5, 6, 7, 6.5], "texture": "#0"}
			}
		}
	],
	"gui_light": "front",
	"display": {
		"thirdperson_righthand": {
			"rotation": [0, 180, 0],
			"translation": [0, 2.25, 4],
			"scale": [0.6, 0.6, 0.6]
		},
		"thirdperson_lefthand": {
			"rotation": [0, 180, 0],
			"translation": [0, 2.25, 4],
			"scale": [0.6, 0.6, 0.6]
		},
		"firstperson_righthand": {
			"rotation": [0, 90, -36],
			"translation": [3, 0.5, -6]
		},
		"firstperson_lefthand": {
			"rotation": [0, 90, -36],
			"translation": [3, 0.5, -6]
		},
		"ground": {
			"translation": [0, 2.25, -3.25],
			"scale": [0.5, 0.5, 0.5]
		},
		"gui": {
			"rotation": [0, 180, 0]
		},
		"head": {
			"rotation": [0, 180, 0],
			"translation": [0, 0, 14.5]
		},
		"fixed": {
			"translation": [0, 0, -8]
		}
	},
	"groups": [
		{
			"name": "rail",
			"origin": [8, 8, 8],
			"color": 0,
			"children": [0, 1]
		},
		{
			"name": "steps",
			"origin": [8, 8, 8],
			"color": 0,
			"children": [2, 3, 4, 5]
		},
		{
			"name": "screws",
			"origin": [8, 8, 8],
			"color": 0,
			"children": [6, 7, 8, 9, 10, 11, 12, 13]
		}
	]
}